Ferrari;Daytona;1972;UZO214;Negro
Mitsubishi;Lancer;1992;FZT211;Azul
Toyota;Supra;2019;AIN758;Verde
Mitsubishi;Colt;2003;XQM278;Azul
Ferrari;F355;1998;UGU579;Burdeo
Ferrari;Purosangue;2022;YVP246;Rojo
Mitsubishi;Outlander;2003;POF175;Verde
Toyota;2000GT;1968;AJJ867;Verde
Toyota;2000GT;1969;GZH541;Azul
Toyota;Alpharad;2022;NPH475;Morado
Ferrari;F430;2004;JIS562;Negro
Toyota;2000GT;1970;XQG392;Burdeo
Mitsubishi;GTO;1999;KSF583;Burdeo
Mitsubishi;Lancer Evolution;1998;GSC952;Blanco
Ferrari;F355;1994;ANY759;Morado
Mitsubishi;Galant;2004;SLA653;Azul
Mitsubishi;Eclipse;2008;XXW667;Azul
Honda;Fit;1993;FPO484;Burdeo
Ferrari;F355;1997;DQB696;Negro
Honda;Fit;1991;GKO262;Rojo
Ferrari;Enzo;2002;VHD836;Burdeo
Ferrari;Enzo;2003;YLU528;Morado
Mitsubishi;GTO;1993;GUS571;Amarillo
Mitsubishi;Eclipse;1995;FSQ228;Negro
Mitsubishi;Eclipse;2003;PCK598;Burdeo
Honda;Accord;2007;KEB487;Amarillo
Mitsubishi;GTO;1999;HAX671;Rojo
Mitsubishi;Carisma;1999;FLG578;Amarillo
Mitsubishi;Outlander;2007;KKQ686;Blanco
Toyota;T100;1998;AFP851;Negro
Mitsubishi;Colt;2001;QQO437;Morado
Mitsubishi;GTO;1998;TYW535;Azul
Ferrari;F430;2004;TDK459;Negro
Ferrari;Enzo;2002;TQX748;Negro
Honda;Accord;2009;WKW759;Morado
Honda;Brio;2011;QLP125;Verde
Toyota;Yaris;2015;OOY285;Rojo
Honda;Accord;2008;DNE886;Azul
Mitsubishi;Galant;1971;DQT262;Negro
Honda;NSX;2751;HQW546;Blanco
Ferrari;Purosangue;2023;YWK324;Rojo
Toyota;Celica;2016;VBX419;Azul
Ferrari;Purosangue;2022;OKU679;Verde
Honda;Logo;2000;UIU733;Burdeo
Ferrari;F430;2005;MSQ783;Amarillo
Mitsubishi;Carisma;1998;DXI376;Amarillo
Ferrari;275;1964;EGB654;Blanco
Honda;Accord;1997;KYP831;Rojo
Ferrari;Daytona;1970;VNE138;Verde
Ferrari;Enzo;2003;FWF449;Morado
Toyota;GT86;2015;IMC752;Blanco
Ferrari;575M Maranello;2005;QTC847;Azul
Honda;NSX;2875;TZY223;Morado
Honda;FR-V;2007;CHB282;Verde
Mitsubishi;Outlander;2002;HLH534;Negro
Ferrari;275;1968;NLD154;Azul
Mitsubishi;Colt;2000;TUU347;Amarillo
Ferrari;California;2009;YAU553;Azul
Ferrari;F355;1994;YZG537;Burdeo
Mitsubishi;GTO;1992;BPG867;Azul
Mitsubishi;Outlander;2006;CBH668;Amarillo
Mitsubishi;GTO;1992;EJZ549;Amarillo
Ferrari;Enzo;2003;EOV582;Azul
Mitsubishi;Galant;1983;PVJ753;Amarillo
Ferrari;Daytona;1971;NLT925;Amarillo
Honda;Fit;2005;OYW228;Burdeo
Mitsubishi;Carisma;2000;ZOV912;Azul
Ferrari;575M Maranello;2005;LSG775;Morado
Mitsubishi;Galant;2006;GWR269;Verde
Mitsubishi;Eclipse;2012;XFM637;Morado
Ferrari;275;1964;RHI652;Verde
Toyota;Hilux;2009;TSR167;Rojo
Honda;Beat;1994;XQJ263;Morado
Ferrari;Daytona;1970;DXJ597;Rojo
Honda;Civic Type-R;1997;WLG979;Burdeo
Mitsubishi;Colt;2003;JQM638;Burdeo
Honda;Vigor;1989;WTM741;Burdeo
Honda;NSX;2898;YEW583;Rojo
Toyota;Yaris;2016;BPI136;Amarillo
Toyota;Hilux;2021;IBP393;Amarillo
Ferrari;F430;2005;TDH333;Amarillo
Toyota;Yaris;2015;CNO989;Burdeo
Honda;Beat;1992;LSU141;Verde
Honda;Quint;1984;YGX915;Negro
Mitsubishi;Galant;1992;SBX331;Rojo
Mitsubishi;Eclipse;2007;WDH185;Rojo
Mitsubishi;GTO;1990;ZDO939;Azul
Toyota;Celica;1974;YRQ133;Amarillo
Toyota;Supra;1978;VIS472;Burdeo
Honda;Jazz;2005;YHH325;Burdeo
Mitsubishi;GTO;1998;JXX337;Burdeo
Toyota;Alpharad;2008;EIP667;Burdeo
Ferrari;F430;2005;KHS847;Amarillo
Honda;S2000;2004;LZH286;Burdeo
Ferrari;Daytona;1971;IRO376;Verde
Honda;Logo;1996;VNQ316;Verde
Honda;Jazz;2002;KUO317;Verde
Toyota;T100;1995;LBS361;Rojo
Mitsubishi;Carisma;1999;BQN696;Azul
Ferrari;F430;2007;HCB976;Negro
Toyota;4Runner;1985;MLQ446;Rojo
Mitsubishi;Eclipse;1997;YZT893;Burdeo
Ferrari;575M Maranello;2002;JSW929;Rojo
Mitsubishi;Colt;2002;GXG828;Amarillo
Mitsubishi;Carisma;1998;PFE383;Burdeo
Toyota;4Runner;1993;QLT234;Rojo
Mitsubishi;Carisma;1999;YYK626;Negro
Ferrari;Enzo;2003;TJF336;Burdeo
Mitsubishi;Lancer;1975;GHW221;Verde
Toyota;2000GT;1967;XVN168;Burdeo
Honda;Fit;2011;VIT743;Morado
Honda;Accord;2011;BQY122;Rojo
Toyota;Supra;1990;CKS667;Morado
Mitsubishi;GTO;1998;DMF514;Rojo
Ferrari;575M Maranello;2004;DXW359;Amarillo
Ferrari;Purosangue;2023;VAQ515;Verde
Mitsubishi;GTO;1994;ROM366;Rojo
Toyota;2000GT;1967;ILT271;Rojo
Mitsubishi;Lancer Evolution;2006;BKB333;Burdeo
Honda;CR-V;2022;NWO277;Rojo
Mitsubishi;Lancer Evolution;1998;UES539;Azul
Mitsubishi;GTO;1998;IRM182;Burdeo
Mitsubishi;Eclipse;2007;CYV928;Blanco
Ferrari;F430;2004;FXI159;Azul
Honda;CR-V;1997;KSV554;Azul
Honda;Quint;1985;QGJ197;Morado
Honda;FR-V;2009;DBY297;Morado
Honda;Jazz;2004;CVN238;Morado
Honda;Accord;1991;SAX488;Blanco
Honda;Civic Type-R;2018;FNE315;Azul
Mitsubishi;Carisma;1995;SNF841;Burdeo
Mitsubishi;Carisma;2002;XQY576;Azul
Toyota;Yaris;2015;FLM532;Blanco
Mitsubishi;GTO;1996;HAN896;Rojo
Ferrari;275;1964;QJR753;Verde
Honda;FR-V;2005;PSA416;Verde
Mitsubishi;Colt;2001;MYY735;Rojo
Honda;CR-V;2007;VRQ492;Blanco
Toyota;Alpharad;2011;XPM273;Blanco
Honda;Accord;1984;KTI581;Negro
Mitsubishi;Outlander;2013;LKQ874;Rojo
Ferrari;575M Maranello;2003;DPH641;Blanco
Mitsubishi;Lancer Evolution;2008;LQH794;Morado
Mitsubishi;Colt;2001;TRA918;Negro
Toyota;GT86;2013;GFY485;Morado
Mitsubishi;GTO;1993;MAG741;Morado
Mitsubishi;GTO;1993;DPT955;Azul
Mitsubishi;Carisma;1999;YRN545;Azul
Ferrari;Daytona;1970;QTC481;Negro
Ferrari;F355;1994;AHJ458;Verde